Category,Message
ham,Can you let me know details of fri when u find out cos I'm not in tom or fri. mentionned chinese. Thanks
spam,Summers finally here! Fancy a chat or flirt with sexy singles in yr area? To get MATCHED up just reply SUMMER now. Free 2 Join. OptOut txt STOP Help08714742804
ham,Ofcourse I also upload some songs
ham,"Looks like you found something to do other than smoke, great job!"
ham,"Whatever, juliana. Do whatever you want."
ham,Your dad is back in ph?
ham,Gimme a few was  &lt;#&gt;  minutes ago
ham,Is avatar supposed to have subtoitles
ham,U reach orchard already? U wan 2 go buy tickets first?
ham,Yes its possible but dint try. Pls dont tell to any one k
spam,Married local women looking for discreet action now! 5 real matches instantly to your phone. Text MATCH to 69969 Msg cost 150p 2 stop txt stop BCMSFWC1N3XX
ham,I love to give massages. I use lots of baby oil... What is your fave position?
ham,Oh. U must have taken your REAL Valentine out shopping first.
ham,Yo dude guess who just got arrested the other day
spam,WINNER!! As a valued network customer you have been selected to receivea £900 prize reward! To claim call 09061701461. Claim code KL341. Valid 12 hours only.
spam,Get your garden ready for summer with a FREE selection of summer bulbs and seeds worth £33:50 only with The Scotsman this Saturday. To stop go2 notxt.co.uk
ham,Yeah confirmed for you staying at  that weekend
spam,WIN a year supply of CDs 4 a store of ur choice worth £500 & enter our £100 Weekly draw txt MUSIC to 87066 Ts&Cs www.Ldew.com.subs16+1win150ppmx3
spam,"Thanks for your ringtone order, reference number X29. Your mobile will be charged 4.50. Should your tone not arrive please call customer services 09065989180"
ham,If i start sending blackberry torch to nigeria will you find buyer for me?like 4a month. And tell dad not to buy bb from anyone oh.
ham,Ok that's great thanx a lot.
ham,"Aiyo... Her lesson so early... I'm still sleepin, haha... Okie, u go home liao den confirm w me lor..."
spam,Here is your discount code RP176781. To stop further messages reply stop. www.regalportfolio.co.uk. Customer Services 08717205546
ham,"Anyway I don't think I can secure anything up here, lemme know if you want me to drive down south and chill"
ham,"Imagine you finally get to sink into that bath after I have put you through your paces, maybe even having you eat me for a while before I left ... But also imagine the feel of that cage on your cock surrounded by the bath water, reminding you always who owns you ... Enjoy, my cuck"
ham,"Hurry up, I've been weed-deficient for like three days"
ham,"Each Moment in a day,has its own value-Morning brings hope,afternoon brings faith,Evening brings luv,Night brings rest,Wish u find them all today.Good Morning"
ham,Cuz ibored. And don wanna study
ham,"Just sent again. Do you scream and moan in bed, princess?"
ham,Now press conference da:)
ham,Hi. || Do u want | to join me with sts later? || Meeting them at five. || Call u after class.
spam,Hi 07734396839 IBH Customer Loyalty Offer: The NEW NOKIA6600 Mobile from ONLY £10 at TXTAUCTION!Txt word:START to No:81151 & get Yours Now!4T&
ham,I cant pick the phone right now. Pls send a message
ham,I will come tomorrow di
ham,K:)k..its good:)when are you going?
ham,I thk 530 lor. But dunno can get tickets a not. Wat u doing now?
spam,"WELL DONE! Your 4* Costa Del Sol Holiday or £5000 await collection. Call 09050090044 Now toClaim. SAE, TCs, POBox334, Stockport, SK38xh, Cost£1.50/pm, Max10mins"
ham,Dont worry. I guess he's busy.
spam,Free entry in 2 a weekly comp for a chance to win an ipod. Txt POD to 80182 to get entry (std txt rate) T&C's apply 08452810073 for details 18+
ham,"OH YEAH,AND HAV A GREAT TIME IN NEWQUAY-SEND ME A POSTCARD !1 LOOK AFTER ALL THE GIRLS WHILE IM GONE(U KNOW THE 1IM TALKIN BOUT!)xx"
ham,"I had been hoping i would not have to send you this message. My rent is due and i dont have enough for it. My reserves are completely gone. Its a loan i need and was hoping you could her. The balance is  &lt;#&gt; . Is there a way i could get that from you, till mid march when i hope to pay back."
ham,"Got hella gas money, want to go on a grand nature adventure with galileo in a little bit?"
ham,Hi Harish's rent has been transfred to ur Acnt.
spam,Get a brand new mobile phone by being an agent of The Mob! Plus loads more goodies! For more info just text MAT to 87021.
spam,"Congrats! 1 year special cinema pass for 2 is yours. call 09061209465 now! C Suprman V, Matrix3, StarWars3, etc all 4 FREE! bx420-ip4-5we. 150pm. Dont miss out!"
spam,You have an important customer service announcement from PREMIER.
spam,"FREE2DAY sexy St George's Day pic of Jordan!Txt PIC to 89080 dont miss out, then every wk a saucy celeb!4 more pics c PocketBabe.co.uk 0870241182716 £3/wk"
ham,"Aight, sounds good. When do you want me to come down?"
ham,He's in lag. That's just the sad part but we keep in touch thanks to skype
ham,"Short But Cute: ""Be a good person, but dont try to prove it.."" .Gud noon...."
ham,"No my blankets are sufficient, thx"
ham,Got it! It looks scrumptious... daddy wants to eat you all night long!
spam,URGENT! Your Mobile number has been awarded with a £2000 Bonus Caller Prize. Call 09058095201 from land line. Valid 12hrs only
ham,"Hello, my love! How goes that day ? I wish your well and fine babe and hope that you find some job prospects. I miss you, boytoy ... *a teasing kiss*"
ham,Its a part of checking IQ
spam,FREE entry into our £250 weekly competition just text the word WIN to 80086 NOW. 18 T&C www.txttowin.co.uk
spam,"Sunshine Hols. To claim ur med holiday send a stamped self address envelope to Drinks on Us UK, PO Box 113, Bray, Wicklow, Eire. Quiz Starts Saturday! Unsub Stop"
ham,No. Yes please. Been swimming?
ham,Yup next stop.
spam,"Dear Matthew please call 09063440451 from a landline, your complimentary 4*Lux Tenerife holiday or £1000 CASH await collection. ppm150 SAE T&Cs Box334 SK38XH."
ham,"Damn, can you make it tonight or do you want to just wait til tomorrow"
ham,HI ITS KATE CAN U GIVE ME A RING ASAP XXX
ham,Once free call me sir.
ham,"Sir, good morning. Hope you had a good weekend. I called to let you know that i was able to raise  &lt;#&gt;  from my dad. He however said he would make the rest available by mid feb. This amount is still quite short and i was hoping you would help. Do have a good day. Abiola"
spam,WOW! The Boys R Back. TAKE THAT 2007 UK Tour. Win VIP Tickets & pre-book with VIP Club. Txt CLUB to 81303. Trackmarque Ltd info@vipclub4u.
spam,You have 1 new message. Call 0207-083-6089
ham,"Dude u knw also telugu..thts gud..k, gud nyt.."
ham,Where's mummy's boy ? Is he being good or bad ? Is he being positive or negative ? Why is mummy being made to wait? Hmmmm?
ham,"Hiya, had a good day? Have you spoken to since the weekend?"
spam,"SIX chances to win CASH! From 100 to 20,000 pounds txt> CSH11 and send to 87575. Cost 150p/day, 6days, 16+ TsandCs apply Reply HL 4 info"
ham,Hi. Hope you had a good day. Have a better night.
ham,"Sorry that took so long, omw now"
ham,I'm at bruce &amp; fowler now but I'm in my mom's car so I can't park (long story)
ham,Sorry da. I gone mad so many pending works what to do.
ham,Er yep sure. Props?
spam,Bored housewives! Chat n date now! 0871750.77.11! BT-national rate 10p/min only from landlines!
spam,"Urgent Urgent! We have 800 FREE flights to Europe to give away, call B4 10th Sept & take a friend 4 FREE. Call now to claim on 09050000555. BA128NNFWFLY150ppm"
spam,Camera - You are awarded a SiPix Digital Camera! call 09061221066 fromm landline. Delivery within 28 days
ham,"Okey doke. I'm at home, but not dressed cos laying around ill! Speak to you later bout times and stuff."
ham,No need for the drug anymore.
ham,Ü bot notes oredi... Cos i juz rem i got...
ham,Oooh bed ridden ey? What are YOU thinking of?
spam,"Hey Boys. Want hot XXX pics sent direct 2 ur phone? Txt PORN to 69855, 24Hrs free and then just 50p per day. To stop text STOPBCM SF WC1N3XX"
ham,Hey check it da. I have listed da.
ham,My tuition is at 330. Hm we go for the 1120 to 1205 one? Do you mind?
spam,"Congrats 2 mobile 3G Videophones R yours. call 09063458130 now! videochat wid ur mates, play java games, Dload polypH music, noline rentl. bx420. ip4. 5we. 150p"
ham,You still coming tonight?
ham,"Wow. I never realized that you were so embarassed by your accomodations. I thought you liked it, since i was doing the best i could and you always seemed so happy about ""the cave"". I'm sorry I didn't and don't have more to give. I'm sorry i offered. I'm sorry your room was so embarassing."
ham,Lol ... I really need to remember to eat when I'm drinking but I do appreciate you keeping me company that night babe *smiles*
ham,Pls send me the correct name da.
spam,PRIVATE! Your 2003 Account Statement for 07808 XXXXXX shows 800 un-redeemed S. I. M. points. Call 08719899217 Identifier Code: 41685 Expires 07/11/04
ham,I uploaded mine to Facebook
ham,"No, I was trying it all weekend ;V"
spam,"URGENT. Important information for 02 user. Today is your lucky day! 2 find out why , log onto http://www.urawinner.com there is a fantastic surprise awaiting you !"
ham,Oic cos me n my sis got no lunch today my dad went out... So dunno whether 2 eat in sch or wat...
spam,"Congrats! 2 mobile 3G Videophones R yours. call 09061744553 now! videochat wid ur mates, play java games, Dload polyH music, noline rentl. bx420. ip4. 5we. 150pm"
spam,What do U want for Xmas? How about 100 free text messages & a new video phone with half price line rental? Call free now on 0800 0721072 to find out more!
ham,Send his number and give reply tomorrow morning for why you said that to him like that ok
ham,Lol wtf random. Btw is that your lunch break
ham,Here got lots of hair dresser fr china.
ham,"Ah, well that confuses things, doesnt it? I thought was friends with now. Maybe i did the wrong thing but i already sort of invited -tho he may not come cos of money."
ham,U calling me right? Call my hand phone...
spam,Get the official ENGLAND poly ringtone or colour flag on yer mobile for tonights game! Text TONE or FLAG to 84199. Optout txt ENG STOP Box39822 W111WX £1.50
ham,How was txting and driving
ham,Stupid.its not possible
ham,"No dude, its not fake..my frnds got money, thts y i'm reffering u..if u member wit my mail link, u vl be credited  &lt;#&gt; rs and il be getiing  &lt;#&gt; rs..i can draw my acc wen it is  &lt;#&gt; rs.."
ham,"Hey ! I want you ! I crave you ! I miss you ! I need you ! I love you, Ahmad Saeed al Hallaq ..."
ham,"Cool, text me when you're ready"
ham,Oh yah... We never cancel leh... Haha
ham,Nokia phone is lovly..
ham,"Hey elaine, is today's meeting still on?"
ham,Yo you around? A friend of mine's lookin to pick up later tonight
ham,somewhere out there beneath the pale moon light someone think in of u some where out there where dreams come true... goodnite &amp; sweet dreams
ham,I liked your new house
spam,PRIVATE! Your 2003 Account Statement for 07815296484 shows 800 un-redeemed S.I.M. points. Call 08718738001 Identifier Code 41782 Expires 18/11/04
ham,You've already got a flaky parent. It'snot supposed to be the child's job to support the parent...not until they're The Ride age anyway. I'm supposed to be there to support you. And now i've hurt you. unintentional. But hurt nonetheless.
ham,I will vote for wherever my heart guides me
spam,Valentines Day Special! Win over £1000 in our quiz and take your partner on the trip of a lifetime! Send GO to 83600 now. 150p/msg rcvd. CustCare:08718720201.
ham,My friends use to call the same.
ham,Give one miss from that number please
ham,Yar lor... Keep raining non stop... Or u wan 2 go elsewhere?
ham,"Sorry light turned green, I meant another friend wanted  &lt;#&gt;  worth but he may not be around"
ham,Is that seriously how you spell his name?
spam,"cmon babe, make me horny, *turn* me on! Txt me your fantasy now babe -) Im hot, sticky and need you now. All replies cost £1.50. 2 cancel send STOP"
ham,ALRITE
ham,I cant pick the phone right now. Pls send a message
spam,Do you want a New Nokia 3510i Colour Phone Delivered Tomorrow? With 200 FREE minutes to any mobile + 100 FREE text + FREE camcorder Reply or Call 8000930705
ham,Hi! You just spoke to MANEESHA V. We'd like to know if you were satisfied with the experience. Reply Toll Free with Yes or No.
spam,"YOU 07801543489 are guaranteed the latests Nokia Phone, a 40GB iPod MP3 player or a £500 prize! Txt word:COLLECT to No:83355! TC-LLC NY-USA 150p/Mt msgrcvd18+"
ham,I am back. Bit long cos of accident on a30. Had to divert via wadebridge.I had a brilliant weekend thanks. Speak soon. Lots of love
ham,Home so we can always chat
spam,"our mobile number has won £5000, to claim calls us back or ring the claims hot line on 09050005321."
ham,I.ll give her once i have it. Plus she said grinule greet you whenever we speak
ham,"God picked up a flower and dippeditinaDEW, lovingly touched itwhichturnedinto u, and the he gifted tomeandsaid,THIS FRIEND IS 4U"
spam,You will recieve your tone within the next 24hrs. For Terms and conditions please see Channel U Teletext Pg 750
ham,"Think i might have to give it a miss. Am teaching til twelve, then have lecture at two. Damn this working thing."
ham,"Aight, I'll hit you up when I get some cash"
ham,Except theres a chick with huge boobs.
ham,Now only i reached home. . . I am very tired now. . I will come tomorro
ham,"Wn u r hurt by d prsn who s close 2 u, do fight wit dem. Coz somtimes dis fight saves a relation bt being quiet leaves nothin in a relation.. Gud eveB-)"
ham,How long does applebees fucking take
ham,Its on in engalnd! But telly has decided it won't let me watch it and mia and elliot were kissing! Damn it!
ham,"* Was really good to see you the other day dudette, been missing you!"
spam,Congratulations ur awarded 500 of CD vouchers or 125gift guaranteed & Free entry 2 100 wkly draw txt MUSIC to 87066
spam,"UpgrdCentre Orange customer, you may now claim your FREE CAMERA PHONE upgrade for your loyalty. Call now on 0207 153 9153. Offer ends 26th July. T&C's apply. Opt-out available"
ham,Huh but i cant go 2 ur house empty handed right?
spam,"ou are guaranteed the latest Nokia Phone, a 40GB iPod MP3 player or a £500 prize! Txt word: COLLECT to No: 83355! IBHltd LdnW15H 150p/Mtmsgrcvd18"
ham,I'll text now! All creepy like so he won't think that we forgot
ham,I've been barred from all B and Q stores for life!?This twat in orange dungerees came up to me and asked if I wanted decking? So I got the first punch in!!
ham,"YEH I AM DEF UP4 SOMETHING SAT,JUST GOT PAYED2DAY & I HAVBEEN GIVEN A£50 PAY RISE 4MY WORK & HAVEBEEN MADE PRESCHOOLCO-ORDINATOR 2I AM FEELINGOOD LUV"
ham,I jokin oni lar.. Ü busy then i wun disturb ü.
ham,"Haha, my friend tyler literally just asked if you could get him a dubsack"
ham,Dont know supports ass and srt i thnk. I think ps3 can play through usb too
ham,Pls confirm the time to collect the cheque.
ham,"Aight, I'm chillin in a friend's room so text me when you're on the way"
ham,This is my number by vivek..
ham,Heart is empty without love.. Mind is empty without wisdom.. Eyes r empty without dreams &amp; Life is empty without frnds.. So Alwys Be In Touch. Good night &amp; sweet dreams
ham,Yeah he got in at 2 and was v apologetic. n had fallen out and she was actin like spoilt child and he got caught up in that. Till 2! But we won't go there! Not doing too badly cheers. You?
ham,Weightloss! No more girl friends. Make loads of money on ebay or something. And give thanks to God.
ham,Pls help me tell Ashley that i cant find her number oh
ham,Think + da. You wil do.
ham,Mine here like all fr china then so noisy.
ham,I would but I'm still cozy. And exhausted from last night.nobody went to school or work. Everything is closed.
ham,Thinking of u ;) x
spam,Get your garden ready for summer with a FREE selection of summer bulbs and seeds worth £33:50 only with The Scotsman this Saturday. To stop go2 notxt.co.uk
ham,Great! How is the office today?
ham,I cant pick the phone right now. Pls send a message
spam,Your weekly Cool-Mob tones are ready to download !This weeks new Tones include: 1) Crazy Frog-AXEL F>>> 2) Akon-Lonely>>> 3) Black Eyed-Dont P >>>More info in n
ham,Yes:)sura in sun tv.:)lol.
ham,LMAO where's your fish memory when I need it?
spam,from www.Applausestore.com MonthlySubscription@50p/msg max6/month T&CsC web age16 2stop txt stop
spam,URGENT! Your Mobile number has been awarded with a £2000 prize GUARANTEED. Call 09058094455 from land line. Claim 3030. Valid 12hrs only
ham,"Do 1 thing! Change that sentence into: ""Because i want 2 concentrate in my educational career im leaving here.."""
ham,Depends on where u going lor.
spam,"Urgent! call 09066350750 from your landline. Your complimentary 4* Ibiza Holiday or 10,000 cash await collection SAE T&Cs PO BOX 434 SK3 8WP 150 ppm 18+"
ham,"Hello, my love. What are you doing? Did you get to that interview today? Are you you happy? Are you being a good boy? Do you think of me?Are you missing me ?"
ham,"My Parents, My Kidz, My Friends n My Colleagues. All screaming.. SURPRISE !! and I was waiting on the sofa.. ... ..... ' NAKED...!"
spam,Please call our customer service representative on FREEPHONE 0808 145 4742 between 9am-11pm as you have WON a guaranteed £1000 cash or £5000 prize!
spam,I don't know u and u don't know me. Send CHAT to 86688 now and let's find each other! Only 150p/Msg rcvd. HG/Suite342/2Lands/Row/W1J6HL LDN. 18 years or over.
ham,Otherwise had part time job na-tuition..
ham,"Arngd marriage is while u r walkin unfortuntly a snake bites u. bt love marriage is dancing in frnt of d snake &amp; sayin Bite me, bite me."
ham,Ok. I asked for money how far
ham,I realise you are a busy guy and i'm trying not to be a bother. I have to get some exams outta the way and then try the cars. Do have a gr8 day
ham,"Ill call u 2mrw at ninish, with my address that icky American freek wont stop callin me 2 bad Jen k eh?"
spam,"Bears Pic Nick, and Tom, Pete and ... Dick. In fact, all types try gay chat with photo upload call 08718730666 (10p/min). 2 stop texts call 08712460324"
spam,Want explicit SEX in 30 secs? Ring 02073162414 now! Costs 20p/min
ham,I'm okay. Chasing the dream. What's good. What are you doing next.
ham,Call me when u're done...
ham,Slaaaaave ! Where are you ? Must I summon you to me all the time now ? Don't you wish to come to me on your own anymore?
ham,Kaiez... Enjoy ur tuition... Gee... Thk e second option sounds beta... I'll go yan jiu den msg u...
spam,"Eerie Nokia tones 4u, rply TONE TITLE to 8007 eg TONE DRACULA to 8007 Titles: GHOST, ADDAMSFA, MUNSTERS, EXORCIST, TWILIGHT www.getzed.co.uk POBox36504W45WQ 150p"
ham,Tell them the drug dealer's getting impatient
spam,"Urgent! Please call 09066612661 from your landline, your complimentary 4* Lux Costa Del Sol holiday or £1000 CASH await collection. ppm 150 SAE T&Cs James 28, EH74RR"
spam,Great News! Call FREEFONE 08006344447 to claim your guaranteed £1000 CASH or £2000 gift. Speak to a live operator NOW!
ham,"Single line with a big meaning::::: ""Miss anything 4 ur ""Best Life"" but, don't miss ur best life for anything... Gud nyt..."
spam,Sorry I missed your call let's talk when you have the time. I'm on 07090201529
ham,What not under standing.
ham,Lol for real. She told my dad I have cancer
ham,Its too late:)but its k.wish you the same.
ham,Do u hav any frnd by name ashwini in ur college?
ham,"came to look at the flat, seems ok, in his 50s? * Is away alot wiv work. Got woman coming at 6.30 too."
ham,Dude ive been seeing a lotta corvettes lately
ham,Hey anyway i have to :-)
spam,Gr8 new service - live sex video chat on your mob - see the sexiest dirtiest girls live on ur phone - 4 details text horny to 89070 to cancel send STOP to 89070
ham,U really pig leh sleep so much. My dad wake me up at 10 smth 2 eat lunch today.
ham,Usually the body takes care of it buy making sure it doesnt progress. Can we pls continue this talk on saturday.
spam,"YOU VE WON! Your 4* Costa Del Sol Holiday or £5000 await collection. Call 09050090044 Now toClaim. SAE, TC s, POBox334, Stockport, SK38xh, Cost£1.50/pm, Max10mins"
spam,"LookAtMe!: Thanks for your purchase of a video clip from LookAtMe!, you've been charged 35p. Think you can do better? Why not send a video in a MMSto 32323."
ham,"Aight no rush, I'll ask jay"
spam,"Today's Offer! Claim ur £150 worth of discount vouchers! Text YES to 85023 now! SavaMob, member offers mobile! T Cs 08717898035. £3.00 Sub. 16 . Unsub reply X"
ham,Hey r ü still online? I've finished the formatting...
spam,"SMS. ac Blind Date 4U!: Rodds1 is 21/m from Aberdeen, United Kingdom. Check Him out http://img. sms. ac/W/icmb3cktz8r7!-4 no Blind Dates send HIDE"
ham,Ya! when are ü taking ure practical lessons? I start in june..
ham,"I am real, baby! I want to bring out your inner tigress..."
ham,O was not into fps then.
ham,Hi di is yijue we're meeting at 7 pm at esaplanade tonight.
ham,Okay same with me. Well thanks for the clarification
ham,"Its so common hearin How r u? Wat r u doing? How was ur day? So let me ask u something different. Did u smile today? If not, do it now.... Gud evng."
ham,"Dont give a monkeys wot they think and i certainly don't mind. Any friend of mine&all that! Just don't sleep wiv , that wud be annoyin!"
ham,Is she replying. Has boye changed his phone number
spam,"Orange brings you ringtones from all time Chart Heroes, with a free hit each week! Go to Ringtones & Pics on wap. To stop receiving these tips reply STOP."
spam,Bought one ringtone and now getting texts costing 3 pound offering more tones etc
ham,"Yes..but they said its IT.,"
ham,There the size of elephant tablets & u shove um up ur ass!!
ham,Also remember to get dobby's bowl from your car
ham,"Derp. Which is worse, a dude who always wants to party or a dude who files a complaint about the three drug abusers he lives with"
ham,K..k..any special today?
ham,"Sorry, I'll call later"
spam,Call FREEPHONE 0800 542 0578 now!
ham,Hi:)cts employee how are you?
spam,"For ur chance to win a £250 cash every wk TXT: ACTION to 80608. T's&C's www.movietrivia.tv custcare 08712405022, 1x150p/wk."
ham,Thanks for this hope you had a good day today
ham,No. I dont want to hear anything
spam,"REMINDER FROM O2: To get 2.50 pounds free call credit and details of great offers pls reply 2 this text with your valid name, house no and postcode"
ham,LOL ... No just was busy
spam,From next month get upto 50% More Calls 4 Ur standard network charge 2 activate Call 9061100010 C Wire3.net 1st4Terms PoBox84 M26 3UZ Cost £1.50 min MobcudB more
ham,Exactly. Anyways how far. Is jide her to study or just visiting
ham,Sorry about that this is my mates phone and i didnt write it love Kate
ham,This pen thing is beyond a joke. Wont a Biro do? Don't do a masters as can't do this ever again!
spam,Bloomberg -Message center +447797706009 Why wait? Apply for your future http://careers. bloomberg.com
ham,Ok. No wahala. Just remember that a friend in need ...
ham,"Sorry, I'll call later in meeting"
spam,"500 New Mobiles from 2004, MUST GO! Txt: NOKIA to No: 89545 & collect yours today!From ONLY £1 www.4-tc.biz 2optout 087187262701.50gbp/mtmsg18 TXTAUCTION"
ham,Hi. Happy New Year. I dont mean to intrude but can you pls let me know how much tuition you paid last semester and how much this semester is. Thanks
ham,His bday real is in april .
ham,So how are you really. What are you up to. How's the masters. And so on.
ham,"You aren't coming home between class, right? I need to work out and shower!"
spam,This message is brought to you by GMW Ltd. and is not connected to the
spam,Hi 07734396839 IBH Customer Loyalty Offer: The NEW NOKIA6600 Mobile from ONLY £10 at TXTAUCTION!Txt word:START to No:81151 & get Yours Now!4T&
ham,Hurt me... Tease me... Make me cry... But in the end of my life when i die plz keep one rose on my grave and say STUPID I MISS U.. HAVE A NICE DAY BSLVYL
ham,Only 2% students solved this CAT question in 'xam... 5+3+2= &lt;#&gt;  9+2+4= &lt;#&gt;  8+6+3= &lt;#&gt;  then 7+2+5=????? Tell me the answer if u r brilliant...1thing.i got d answr.
spam,"For ur chance to win a £250 wkly shopping spree TXT: SHOP to 80878. T's&C's www.txt-2-shop.com custcare 08715705022, 1x150p/wk"
ham,Wat time u finish ur lect today?
ham,Den wat will e schedule b lk on sun?
ham,Pls give her prometazine syrup. 5mls then  &lt;#&gt; mins later feed.
spam,"You are guaranteed the latest Nokia Phone, a 40GB iPod MP3 player or a £500 prize! Txt word: COLLECT to No: 83355! IBHltd LdnW15H 150p/Mtmsgrcvd18+"
ham,Yup i'm still having coffee wif my frens... My fren drove she'll give me a lift...
ham,Nobody can decide where to eat and dad wants Chinese
ham,"Hi, can i please get a  &lt;#&gt;  dollar loan from you. I.ll pay you back by mid february. Pls."
ham,At 7 we will go ok na.
spam,You'll not rcv any more msgs from the chat svc. For FREE Hardcore services text GO to: 69988 If u get nothing u must Age Verify with yr network & try again
spam,"pdate_Now - Double mins and 1000 txts on Orange tariffs. Latest Motorola, SonyEricsson & Nokia & Bluetooth FREE! Call MobileUpd8 on 08000839402 or call2optout/!YHL"
ham,Hi Dear Call me its urgnt. I don't know whats your problem. You don't want to work or if you have any other problem at least tell me. Wating for your reply.
ham,Ok lor...
ham,Good. Good job. I like entrepreneurs
ham,"Also sir, i sent you an email about how to log into the usc payment portal. I.ll send you another message that should explain how things are back home. Have a great weekend."
spam,"For ur chance to win a £250 wkly shopping spree TXT: SHOP to 80878. T's&C's www.txt-2-shop.com custcare 08715705022, 1x150p/wk"
ham,I wud never mind if u dont miss me or if u dont need me.. But u wil really hurt me wen u need me &amp; u dont tell me......... Take care:-)
ham,Gokila is talking with you aha:)
ham,I am in office:)whats the matter..msg me now.i will call you at break:).
spam,Want explicit SEX in 30 secs? Ring 02073162414 now! Costs 20p/min Gsex POBOX 2667 WC1N 3XX
ham,Are you coming to day for class.
ham,Ladies first and genus second k .
spam,"SMS. ac JSco: Energy is high, but u may not know where 2channel it. 2day ur leadership skills r strong. Psychic? Reply ANS w/question. End? Reply END JSCO"
ham,Oh ok.. Wat's ur email?
ham,If i not meeting ü all rite then i'll go home lor. If ü dun feel like comin it's ok.
spam,Congratulations ur awarded 500 of CD vouchers or 125gift guaranteed & Free entry 2 100 wkly draw txt MUSIC to 87066 TnCs www.Ldew.com1win150ppmx3age16
spam,"Hi babe its Jordan, how r u? Im home from abroad and lonely, text me back if u wanna chat xxSP visionsms.com Text stop to stopCost 150p 08712400603"
ham,Probably money worries. Things are coming due and i have several outstanding invoices for work i did two and three months ago.
spam,FREEMSG: Our records indicate you may be entitled to 3750 pounds for the Accident you had. To claim for free reply with YES to this msg. To opt out text STOP
ham,Badrith is only for chennai:)i will surely pick for us:)no competition for him.
ham,All e best 4 ur driving tmr :-)
ham,The beauty of life is in next second.. which hides thousands of secrets. I wish every second will be wonderful in ur life...!! gud n8
spam,"Sppok up ur mob with a Halloween collection of nokia logo&pic message plus a FREE eerie tone, txt CARD SPOOK to 8007"
ham,I accidentally brought em home in the box
ham,"I got like $ &lt;#&gt; , I can get some more later though. Get whatever you feel like"
ham,All these nice new shirts and the only thing I can wear them to is nudist themed ;_; you in mu?
ham,My slave! I want you to take 2 or 3 pictures of yourself today in bright light on your cell phone! Bright light!
ham,"I can't keep going through this. It was never my intention to run you out, but if you choose to do that rather than keep the room clean so *I* don't have to say no to visitors, then maybe that's the best choice. Yes, I wanted you to be embarassed, so maybe you'd feel for once how I feel when i have a friend who wants to drop buy and i have to say no, as happened this morning. I've tried everything. I don't know what else to do."
ham,Ok set let u noe e details later...
spam,URGENT This is our 2nd attempt to contact U. Your £900 prize from YESTERDAY is still awaiting collection. To claim CALL NOW 09061702893. ACL03530150PM
spam,"This is the 2nd time we have tried 2 contact u. U have won the 750 Pound prize. 2 claim is easy, call 08718726970 NOW! Only 10p per min. BT-national-rate"
ham,"Okies... I'll go yan jiu too... We can skip ard oso, go cine den go mrt one, blah blah blah..."
ham,I dont have any of your file in my bag..i was in work when you called me.i 'll tell you if i find anything in my room.
ham,"Well, i'm gonna finish my bath now. Have a good...fine night."
ham,This girl does not stay in bed. This girl doesn't need recovery time. Id rather pass out while having fun then be cooped up in bed
ham,No we sell it all so we'll have tons if coins. Then sell our coins to someone thru paypal. Voila! Money back in life pockets:)
spam,U have a Secret Admirer who is looking 2 make contact with U-find out who they R*reveal who thinks UR so special-call on 09065171142-stopsms-08
spam,Guess what! Somebody you know secretly fancies you! Wanna find out who it is? Give us a call on 09065394514 From Landline DATEBox1282EssexCM61XN 150p/min 18
ham,Ok lor. Anyway i thk we cant get tickets now cos like quite late already. U wan 2 go look 4 ur frens a not? Darren is wif them now...
ham,Up to ü... Ü wan come then come lor... But i din c any stripes skirt...
spam,"Mila, age23, blonde, new in UK. I look sex with UK guys. if u like fun with me. Text MTALK to 69866.18 . 30pp/txt 1st 5free. £1.50 increments. Help08718728876"
spam,FREE entry into our £250 weekly comp just send the word WIN to 80086 NOW. 18 T&C www.txttowin.co.uk
ham,cThen i thk shd b enuff.. Still got conclusion n contents pg n references.. I'll b doing da contents pg n cover pg..
ham,I cant pick the phone right now. Pls send a message
spam,ringtoneking 84484
ham,"Got fujitsu, ibm, hp, toshiba... Got a lot of model how to say..."
ham,"1.20 that call cost. Which i guess isnt bad. Miss ya, need ya, want ya, love ya"
ham,I went to project centre
ham,"Nothing, i got msg frm tht unknown no.."
ham,"Night has ended for another day, morning has come in a special way. May you smile like the sunny rays and leaves your worries at the blue blue bay."
ham,"Sorry, I'll call later"
spam,Sorry! U can not unsubscribe yet. THE MOB offer package has a min term of 54 weeks> pls resubmit request after expiry. Reply THEMOB HELP 4 more info
spam,FreeMsg: Hey - I'm Buffy. 25 and love to satisfy men. Home alone feeling randy. Reply 2 C my PIX! QlynnBV Help08700621170150p a msg Send stop to stop txts
ham,"Not sure yet, still trying to get a hold of him"
ham,Ok.
spam,"For ur chance to win a £250 cash every wk TXT: ACTION to 80608. T's&C's www.movietrivia.tv custcare 08712405022, 1x150p/wk"
spam,"Romantic Paris. 2 nights, 2 flights from £79 Book now 4 next year. Call 08704439680Ts&Cs apply."
ham,I am going to sleep. I am tired of travel.
spam,As one of our registered subscribers u can enter the draw 4 a 100 G.B. gift voucher by replying with ENTER. To unsubscribe text STOP
ham,Congratulations ore mo owo re wa. Enjoy it and i wish you many happy moments to and fro wherever you go
ham,Da my birthdate in certificate is in april but real date is today. But dont publish it. I shall give you a special treat if you keep the secret. Any way thanks for the wishes
ham,Oh god..taken the teeth?is it paining
ham,Ok thanx... Take care then...
ham,Baaaaabe! I misss youuuuu ! Where are you ? I have to go and teach my class at 5 ...
ham,Let there be snow. Let there be snow. This kind of weather brings ppl together so friendships can grow.
spam,Congratulations ur awarded either £500 of CD gift vouchers & Free entry 2 our £100 weekly draw txt MUSIC to 87066 TnCs www.Ldew.com 1 win150ppmx3age16
ham,"Awesome, plan to get here any time after like  &lt;#&gt; , I'll text you details in a wee bit"
spam,You are awarded a SiPix Digital Camera! call 09061221061 from landline. Delivery within 28days. T Cs Box177. M221BP. 2yr warranty. 150ppm. 16 . p p£3.99
ham,Or I guess  &lt;#&gt;  min
ham,Oh k.k..where did you take test?
ham,Talk to g and x about that
spam,ASKED 3MOBILE IF 0870 CHATLINES INCLU IN FREE MINS. INDIA CUST SERVs SED YES. L8ER GOT MEGA BILL. 3 DONT GIV A SHIT. BAILIFF DUE IN DAYS. I O £250 3 WANT £800
ham,So how's scotland. Hope you are not over showing your JJC tendencies. Take care. Live the dream
ham,Go chase after her and run her over while she's crossing the street
ham,"The fact that you're cleaning shows you know why i'm upset. Your priority is constantly ""what i want to do,"" not ""what i need to do."""
ham,Haha mayb u're rite... U know me well. Da feeling of being liked by someone is gd lor. U faster go find one then all gals in our group attached liao.
ham,"Good good, billy mates all gone. Just been jogging, again! Did enjoy concert?"
ham,Great comedy..cant stop laughing da:)
ham,How will I creep on you now? ;_;
ham,K. I will sent it again
ham,"Haha awesome, I might need to take you up on that, what you doin tonight?"
spam,Not heard from U4 a while. Call 4 rude chat private line 01223585334 to cum. Wan 2C pics of me gettin shagged then text PIX to 8552. 2End send STOP 8552 SAM xxx
ham,"My planning usually stops at ""find hella weed, smoke hella weed"""
ham,"It's wylie, you in tampa or sarasota?"
ham,"I'm there and I can see you, but you can't see me ? Maybe you should reboot ym ? I seen the buzz"
ham,I'm so in love with you. I'm excited each day i spend with you. You make me so happy.
ham,"Will do, you gonna be at blake's all night? I might be able to get out of here a little early"
ham,... Are you in the pub?
ham,"Send ur birthdate with month and year, I will tel u ur LIFE PARTNER'S name. and the method of calculation. Reply must."
ham,CHEERS LOU! YEAH WAS A GOODNITE SHAME U NEVA CAME! C YA GAILxx
ham,"Mon okie lor... Haha, best is cheap n gd food la, ex oso okie... Depends on whether wana eat western or chinese food... Den which u prefer..."
ham,Customer place i will call you
ham,Oh k.i think most of wi and nz players unsold.
ham,Can i get your opinion on something first?
ham,Nope... Think i will go for it on monday... Sorry i replied so late
ham,I will see in half an hour
ham,"Right on brah, see you later"
spam,URGENT! We are trying to contact U. Todays draw shows that you have won a £2000 prize GUARANTEED. Call 09058094507 from land line. Claim 3030. Valid 12hrs only
ham,Mm not entirely sure i understood that text but hey. Ho. Which weekend?
ham,I absolutely LOVE South Park! I only recently started watching the office.
spam,Natalja (25/F) is inviting you to be her friend. Reply YES-440 or NO-440 See her: www.SMS.ac/u/nat27081980 STOP? Send STOP FRND to 62468
spam,You have won a Nokia 7250i. This is what you get when you win our FREE auction. To take part send Nokia to 86021 now. HG/Suite342/2Lands Row/W1JHL 16+
ham,Orh i tot u say she now still dun believe.
ham,I wait 4 ü inside da car park...
ham,"I hope your alright babe? I worry that you might have felt a bit desparate when you learned the job was a fake ? I am here waiting when you come back, my love"
spam,Update_Now - 12Mths Half Price Orange line rental: 400mins...Call MobileUpd8 on 08000839402 or call2optout=J5Q
spam,"Free Msg: get Gnarls Barkleys ""Crazy"" ringtone TOTALLY FREE just reply GO to this message right now!"
spam,New TEXTBUDDY Chat 2 horny guys in ur area 4 just 25p Free 2 receive Search postcode or at gaytextbuddy.com. TXT ONE name to 89693
ham,And do you have any one that can teach me how to ship cars.
ham,Yes..gauti and sehwag out of odi series.
ham,Aight ill get on fb in a couple minutes
spam,Hi its LUCY Hubby at meetins all day Fri & I will B alone at hotel U fancy cumin over? Pls leave msg 2day 09099726395 Lucy x Calls£1/minMobsmoreLKPOBOX177HP51FL
ham,I.ll get there tomorrow and send it to you
ham,You are right. Meanwhile how's project twins comin up
spam,Enjoy the jamster videosound gold club with your credits for 2 new videosounds+2 logos+musicnews! get more fun from jamster.co.uk! 16+only Help? call: 09701213186
ham,"Watching cartoon, listening music &amp; at eve had to go temple &amp; church.. What about u?"
ham,K ill drink.pa then what doing. I need srs model pls send it to my mail id pa.
ham,Hmm...my uncle just informed me that he's paying the school directly. So pls buy food.
spam,"Do you realize that in about 40 years, we'll have thousands of old ladies running around with tattoos?"
spam,You won't believe it but it's true. It's Incredible Txts! Reply G now to learn truly amazing things that will blow your mind. From O2FWD only 18p/txt
ham,I thk 50 shd be ok he said plus minus 10.. Did ü leave a line in between paragraphs?
ham,Lmao!nice 1
ham,Hey morning what you come to ask:-) pa...
ham,I dont understand your message.
spam,5p 4 alfie Moon's Children in need song on ur mob. Tell ur m8s. Txt Tone charity to 8007 for Nokias or Poly charity for polys: zed 08701417012 profit 2 charity.
ham,Most of the tiime when i don't let you hug me it's so i don't break into tears.
spam,Ur cash-balance is currently 500 pounds - to maximize ur cash-in now send GO to 86688 only 150p/msg. CC: 08718720201 PO BOX 114/14 TCR/W1
ham,"Wishing you and your family Merry ""X"" mas and HAPPY NEW Year in advance.."
spam,"Double mins and txts 4 6months FREE Bluetooth on Orange. Available on Sony, Nokia Motorola phones. Call MobileUpd8 on 08000839402 or call2optout/N9DX"
ham,"Haha figures, well I found the piece and priscilla's bowl"
ham,Mathews or tait or edwards or anderson
spam,SMS. ac Sptv: The New Jersey Devils and the Detroit Red Wings play Ice Hockey. Correct or Incorrect? End? Reply END SPTV
ham,K still are you loving me.
ham,Meeting u is my work. . . Tel me when shall i do my work tomorrow
ham,"It's cool, let me know before it kicks off around  &lt;#&gt; , I'll be out and about all day"
ham,Pls dont forget to study
ham,How do you guys go to see movies on your side.
ham,Jay is snickering and tells me that x is totally fucking up the chords as we speak
ham,"Sweetheart, hope you are not having that kind of day! Have one with loads of reasons to smile. Biola"
spam,Congratulations ur awarded either a yrs supply of CDs from Virgin Records or a Mystery Gift GUARANTEED Call 09061104283 Ts&Cs www.smsco.net £1.50pm approx 3mins
ham,Anything lor... U decide...
ham,Dear i have reache room
ham,"Sorry, I'll call later"
spam,U have a Secret Admirer who is looking 2 make contact with U-find out who they R*reveal who thinks UR so special-call on 09065171142-stopsms-08718727870150ppm
ham,Oh Howda gud gud.. Mathe en samachara chikku:-)
spam,Your next amazing xxx PICSFREE1 video will be sent to you enjoy! If one vid is not enough for 2day text back the keyword PICSFREE1 to get the next video.
ham,I need you to be in my strong arms...
spam,Our brand new mobile music service is now live. The free music player will arrive shortly. Just install on your phone to browse content from the top artists.
spam,URGENT! We are trying to contact you. Last weekends draw shows that you have won a £900 prize GUARANTEED. Call 09061701939. Claim code S89. Valid 12hrs only
ham,"G says you never answer your texts, confirm/deny"
ham,Oh yeah I forgot. U can only take 2 out shopping at once.
ham,You will be in the place of that man
spam,Ringtone Club: Get the UK singles chart on your mobile each week and choose any top quality ringtone! This message is free of charge.
spam,"Hello darling how are you today? I would love to have a chat, why dont you tell me what you look like and what you are in to sexy?"
spam,Double Mins & Double Txt & 1/2 price Linerental on Latest Orange Bluetooth mobiles. Call MobileUpd8 for the very latest offers. 08000839402 or call2optout/LF56
ham,WHO ARE YOU SEEING?
spam,"You have won ?1,000 cash or a ?2,000 prize! To claim, call09050000327"
ham,Hey come online! Use msn... We are all there
ham,I'll meet you in the lobby
ham,Wylie update: my weed dealer carlos went to freedom and had a class with lunsford
ham,Crucify is c not s. You should have told me earlier.
ham,Y?WHERE U AT DOGBREATH? ITS JUST SOUNDING LIKE JAN C THATS AL!!!!!!!!!
ham,She's fine. Good to hear from you. How are you my dear? Happy new year oh.
ham,Nope... C ü then...
ham,Ya srsly better than yi tho
spam,"YOU VE WON! Your 4* Costa Del Sol Holiday or £5000 await collection. Call 09050090044 Now toClaim. SAE, TC s, POBox334, Stockport, SK38xh, Cost£1.50/pm, Max10mins"
ham,The message sent is askin for  &lt;#&gt; dollars. Shoul i pay  &lt;#&gt;  or  &lt;#&gt; ?
ham,Nvm take ur time.
spam,it to 80488. Your 500 free text messages are valid until 31 December 2005.
spam,"Get 3 Lions England tone, reply lionm 4 mono or lionp 4 poly. 4 more go 2 www.ringtones.co.uk, the original n best. Tones 3GBP network operator rates apply."
ham,COME BACK TO TAMPA FFFFUUUUUUU
ham,Pls she needs to dat slowly or she will vomit more.
spam,18 days to Euro2004 kickoff! U will be kept informed of all the latest news and results daily. Unsubscribe send GET EURO STOP to 83222.
ham,"Same here, but I consider walls and bunkers and shit important just because I never play on peaceful but I guess your place is high enough that it don't matter"
ham,Yay! You better not have told that to 5 other girls either.
spam,Knock Knock Txt whose there to 80082 to enter r weekly draw 4 a £250 gift voucher 4 a store of yr choice. T&Cs www.tkls.com age16 to stoptxtstop£1.50/week
spam,You are being ripped off! Get your mobile content from www.clubmoby.com call 08717509990 poly/true/Pix/Ringtones/Games six downloads for only 3
ham,Not yet had..ya sapna aunty manege y'day hogidhe..chinnu full weak and swalpa black agidhane..
ham,"Could you not read me, my Love ? I answered you"
ham,Thats cool. i am a gentleman and will treat you with dignity and respect.
spam,"Congrats 2 mobile 3G Videophones R yours. call 09063458130 now! videochat wid ur mates, play java games, Dload polypH music, noline rentl. bx420. ip4. 5we. 150p"
ham,I emailed yifeng my part oredi.. Can ü get it fr him..
ham,Pandy joined 4w technologies today.he got job..
ham,I though we shd go out n have some fun so bar in town or something – sound ok?
ham,Ok.
spam,U’ve Bin Awarded £50 to Play 4 Instant Cash. Call 08715203028 To Claim. EVERY 9th Player Wins Min £50-£500. OptOut 08718727870
ham,"chile, please! It's only a  &lt;DECIMAL&gt;  hour drive for me. I come down all the time and will be subletting feb-april for audition season."
spam,"Download as many ringtones as u like no restrictions, 1000s 2 choose. U can even send 2 yr buddys. Txt Sir to 80082 £3"
ham,"Cool breeze... Bright sun... Fresh flower... Twittering birds... All these waiting to wish u: ""GOODMORNING &amp; HAVE A NICE DAY"" :)"
ham,U sick still can go shopping?
spam,"Congratulations! Thanks to a good friend U have WON the £2,000 Xmas prize. 2 claim is easy, just call 08718726971 NOW! Only 10p per minute. BT-national-rate."
ham,I HAVE A DATE ON SUNDAY WITH WILL!!
spam,LIFE has never been this much fun and great until you came in. You made it truly special for me. I won't forget you! enjoy @ one gbp/sms
ham,Nice.nice.how is it working?
ham,Lol no. U can trust me.
ham,Hey... What time is your driving on fri? We go for evaluation on fri?
ham,Yup i thk they r e teacher said that will make my face look longer. Darren ask me not 2 cut too short.
ham,"Dear Hero,i am leaving to qatar tonite for an apt opportunity.pls do keep in touch at  &lt;EMAIL&gt; ,kerala"
spam,UR awarded a City Break and could WIN a £200 Summer Shopping spree every WK. Txt STORE to 88039.SkilGme.TsCs087147403231Winawk!Age16+£1.50perWKsub
spam,"U've been selected to stay in 1 of 250 top British hotels - FOR NOTHING! Holiday valued at £350! Dial 08712300220 to claim - National Rate Call. Bx526, SW73SS"
ham,"Just dropped em off, omw back now"
ham,Jokin only lar... :-) depends on which phone my father can get lor...
ham,"Good FRIENDS CaRE for each Other.. CLoSE Friends UNDERSTaND each Other... and TRUE Friends STaY forever beyond words, beyond time. Gud ni8"
ham,Omg if its not one thing its another. My cat has worms :/ when does this bad day end?
spam,PRIVATE! Your 2003 Account Statement for <fone no> shows 800 un-redeemed S. I. M. points. Call 08715203656 Identifier Code: 42049 Expires 26/10/04
ham,So how many days since then?
ham,"Aight, let me know when you're gonna be around usf"
spam,XMAS Prize draws! We are trying to contact U. Todays draw shows that you have won a £2000 prize GUARANTEED. Call 09058094565 from land line. Valid 12hrs only
ham,You have got tallent but you are wasting.
ham,ME 2 BABE I FEEL THE SAME LETS JUST 4GET ABOUT IT+BOTH TRY +CHEER UP+NOT FIT SOO MUCHXXLOVE U LOCAXX
ham,Hey you told your name to gautham ah?
ham,Mode men or have you left.
spam,Someone has conacted our dating service and entered your phone because they fancy you!To find out who it is call from landline 09111030116. PoBox12n146tf15
ham,"Gumby's has a special where a  &lt;#&gt; "" cheese pizza is $2 so I know what we're doin tonight"
spam,Boltblue tones for 150p Reply POLY# or MONO# eg POLY3 1. Cha Cha Slide 2. Yeah 3. Slow Jamz 6. Toxic 8. Come With Me or STOP 4 more tones txt MORE
ham,I'm home.
spam,"Free entry to the gr8prizes wkly comp 4 a chance to win the latest Nokia 8800, PSP or £250 cash every wk.TXT GREAT to 80878 http//www.gr8prizes.com 08715705022"
ham,"Erm … ill pick you up at about 6.45pm. That'll give enough time to get there, park and that."
spam,Ringtone Club: Gr8 new polys direct to your mobile every week !
ham,She left it very vague. She just said she would inform the person in accounting about the delayed rent and that i should discuss with the housing agency about my renting another place. But checking online now and all places around usc are  &lt;#&gt;  and up
ham,Cool. So how come you havent been wined and dined before?
ham,He said i look pretty wif long hair wat. But i thk he's cutting quite short 4 me leh.
ham,"I'll see, but prolly yeah"
ham,I liked the new mobile
ham,Did you get any gift? This year i didnt get anything. So bad
ham,"Just wondering, the others just took off"
ham,So when do you wanna gym?
ham,Dis is yijue. I jus saw ur mail. In case huiming havent sent u my num. Dis is my num.
ham,Tell your friends what you plan to do on Valentines day @ &lt;URL&gt;
spam,Talk sexy!! Make new friends or fall in love in the worlds most discreet text dating service. Just text VIP to 83110 and see who you could meet.
spam,Great News! Call FREEFONE 08006344447 to claim your guaranteed £1000 CASH or £2000 gift. Speak to a live operator NOW!
ham,"I call you later, don't have network. If urgnt, sms me."
ham,"Sorry, I'll call later"
spam,Wanna get laid 2nite? Want real Dogging locations sent direct to ur mobile? Join the UK's largest Dogging Network. Txt PARK to 69696 now! Nyt. ec2a. 3lp £1.50/msg
ham,"Nah, Wednesday. When should I bring the mini cheetos bag over?"
spam,"Congrats! 1 year special cinema pass for 2 is yours. call 09061209465 now! C Suprman V, Matrix3, StarWars3, etc all 4 FREE! bx420-ip4-5we. 150pm. Dont miss out!"
ham,Dear how you. Are you ok?
ham,Sitting ard nothing to do lor. U leh busy w work?
ham,"The  &lt;#&gt; g that i saw a few days ago, the guy wants sell wifi only for  &lt;#&gt;  and with 3g for  &lt;#&gt; . That's why i blanked him."
ham,I forgot 2 ask ü all smth.. There's a card on da present lei... How? Ü all want 2 write smth or sign on it?
ham,I dont know oh. Hopefully this month.
spam,WIN URGENT! Your mobile number has been awarded with a £2000 prize GUARANTEED call 09061790121 from land line. claim 3030 valid 12hrs only 150ppm
ham,Headin towards busetop
ham,Dnt worry...use ice pieces in a cloth pack.also take 2 tablets.
ham,Hey i will be really pretty late... You want to go for the lesson first? I will join you. I'm only reaching tp mrt
ham,Yep. I do like the pink furniture tho.
ham,"I don't know, same thing that's wrong everyso often, he panicks starts goin on bout not bein good enough …"
ham,Hi ....My engagement has been fixd on  &lt;#&gt; th of next month. I know its really shocking bt....hmm njan vilikkam....t ws al of a sudn;-(.
ham,Watching telugu movie..wat abt u?
ham,Great. P diddy is my neighbor and comes for toothpaste every morning
ham,"Sorry, I'll call later"
ham,Both :) i shoot big loads so get ready!
ham,Thanks for your message. I really appreciate your sacrifice. I'm not sure of the process of direct pay but will find out on my way back from the test tomorrow. I'm in class now. Do have a wonderful day.
ham,"Watching cartoon, listening music &amp; at eve had to go temple &amp; church.. What about u?"
ham,"Aight, I should be there by 8 at the latest, probably closer to 7. Are jay and tyler down or should we just do two trips?"
ham,"Ok da, i already planned. I wil pick you."
ham,The evo. I just had to download flash. Jealous?
ham,Ü still got lessons?  Ü in sch?
ham,"Didn't try, g and I decided not to head out"
ham,Feel Yourself That You Are Always Happy.. Slowly It Becomes Your Habit &amp; Finally It Becomes Part Of Your Life.. Follow It.. Happy Morning &amp; Have A Happy Day:)
spam,RGENT! This is the 2nd attempt to contact U!U have WON £1250 CALL 09071512433 b4 050703 T&CsBCM4235WC1N3XX. callcost 150ppm mobilesvary. max£7. 50
ham,I've reached home n i bathe liao... U can call me now...
ham,I accidentally deleted the message. Resend please.
spam,Do you want a New Nokia 3510i Colour Phone Delivered Tomorrow? With 200 FREE minutes to any mobile + 100 FREE text + FREE camcorder Reply or Call 08000930705
spam,"HOT LIVE FANTASIES call now 08707500020 Just 20p per min NTT Ltd, PO Box 1327 Croydon CR9 5WB 0870 is a national rate call"
ham,God's love has no limit. God's grace has no measure. God's power has no boundaries. May u have God's endless blessings always in ur life...!! Gud ni8
spam,"tddnewsletter@emc1.co.uk (More games from TheDailyDraw) Dear Helen, Dozens of Free Games - with great prizesWith.."
spam,Your B4U voucher w/c 27/03 is MARSMS. Log onto www.B4Utele.com for discount credit. To opt out reply stop. Customer care call 08717168528
spam,FREE MSG:We billed your mobile number by mistake from shortcode 83332.Please call 08081263000 to have charges refunded.This call will be free from a BT landline
spam,<Forwarded from 88877>FREE entry into our £250 weekly comp just send the word ENTER to 88877 NOW. 18 T&C www.textcomp.com
ham,tap & spile at seven. * Is that pub on gas st off broad st by canal. Ok?
spam,PRIVATE! Your 2004 Account Statement for 07742676969 shows 786 unredeemed Bonus Points. To claim call 08719180248 Identifier Code: 45239 Expires
spam,sports fans - get the latest sports news str* 2 ur mobile 1 wk FREE PLUS a FREE TONE Txt SPORT ON to 8007 www.getzed.co.uk 0870141701216+ norm 4txt/120p
ham,Small problem in auction:)punj now asking tiwary
ham,Can ü send me a copy of da report?
ham,"Solve d Case : A Man Was Found Murdered On  &lt;DECIMAL&gt; . &lt;#&gt;  AfterNoon. 1,His wife called Police. 2,Police questioned everyone. 3,Wife: Sir,I was sleeping, when the murder took place. 4.Cook: I was cooking. 5.Gardener: I was picking vegetables. 6.House-Maid: I went 2 d post office. 7.Children: We went 2 play. 8.Neighbour: We went 2 a marriage. Police arrested d murderer Immediately. Who's It? Reply With Reason, If U r Brilliant."
ham,Lol yeah at this point I guess not
ham,And popping &lt;#&gt; ibuprofens was no help.
spam,Congratulations ur awarded either £500 of CD gift vouchers & Free entry 2 our £100 weekly draw txt MUSIC to 87066 TnCs www.Ldew.com1win150ppmx3age16
ham,Good morning. At the repair shop--the ONLY reason i'm up at this hour.
ham,All will come alive.better correct any good looking figure there itself..
spam,Valentines Day Special! Win over £1000 in our quiz and take your partner on the trip of a lifetime! Send GO to 83600 now. 150p/msg rcvd. CustCare:08718720201
ham,Well. Balls. Time to make calls
ham,"Awesome, lemme know whenever you're around"
spam,8007 FREE for 1st week! No1 Nokia tone 4 ur mob every week just txt NOKIA to 8007 Get txting and tell ur mates www.getzed.co.uk POBox 36504 W4 5WQ norm 150p/tone 16+
ham,Mmm so yummy babe ... Nice jolt to the suzy
ham,Lol they were mad at first but then they woke up and gave in.
ham,Ok...
ham,Great. Hope you are using your connections from mode men also cos you can never know why old friends can lead you to today
ham,"No idea, I guess we'll work that out an hour after we're supposed to leave since as usual nobody has any interest in figuring shit out before the last second"
ham,Yup... Ok i go home look at the timings then i msg ü again... Xuhui going to learn on 2nd may too but her lesson is at 8am
spam,"Someone has contacted our dating service and entered your phone becausethey fancy you! To find out who it is call from a landline 09058098002. PoBox1, W14RG 150p"
spam,Promotion Number: 8714714 - UR awarded a City Break and could WIN a £200 Summer Shopping spree every WK. Txt STORE to 88039 . SkilGme. TsCs087147403231Winawk!Age16 £1.50perWKsub
ham,Watching tv now. I got new job :)
ham,Hi its in durban are you still on this number
spam,"You can stop further club tones by replying ""STOP MIX"" See my-tone.com/enjoy. html for terms. Club tones cost GBP4.50/week. MFL, PO Box 1146 MK45 2WT (2/3)"
spam,"You are being contacted by our dating service by someone you know! To find out who it is, call from a land line 09050000928. PoBox45W2TG150P"
spam,-PLS STOP bootydelious (32/F) is inviting you to be her friend. Reply YES-434 or NO-434 See her: www.SMS.ac/u/bootydelious STOP? Send STOP FRND to 62468
spam,"Thanks for your Ringtone Order, Reference T91. You will be charged GBP 4 per week. You can unsubscribe at anytime by calling customer services on 09057039994"
spam,Call Germany for only 1 pence per minute! Call from a fixed line via access number 0844 861 85 85. No prepayment. Direct access! www.telediscount.co.uk
spam,FREE for 1st week! No1 Nokia tone 4 ur mobile every week just txt NOKIA to 8077 Get txting and tell ur mates. www.getzed.co.uk POBox 36504 W45WQ 16+ norm150p/tone
ham,Good morning princess! Have a great day!
ham,Call me when u finish then i come n pick u.
ham,Is toshiba portege m100 gd?
spam,PRIVATE! Your 2003 Account Statement for shows 800 un-redeemed S. I. M. points. Call 08715203652 Identifier Code: 42810 Expires 29/10/0
ham,"Do you know why god created gap between your fingers..? So that, One who is made for you comes &amp; fills those gaps by holding your hand with LOVE..!"
spam,"500 New Mobiles from 2004, MUST GO! Txt: NOKIA to No: 89545 & collect yours today!From ONLY £1 www.4-tc.biz 2optout 087187262701.50gbp/mtmsg18"
ham,Have you laid your airtel line to rest?
spam,PRIVATE! Your 2003 Account Statement for 07753741225 shows 800 un-redeemed S. I. M. points. Call 08715203677 Identifier Code: 42478 Expires 24/10/04
spam,Want 2 get laid tonight? Want real Dogging locations sent direct 2 ur mob? Join the UK's largest Dogging Network bt Txting GRAVEL to 69888! Nt. ec2a. 31p.msg@150p
spam,Ur TONEXS subscription has been renewed and you have been charged £4.50. You can choose 10 more polys this month. www.clubzed.co.uk *BILLING MSG*
ham,No prob. I will send to your email.
spam,XMAS iscoming & ur awarded either £500 CD gift vouchers & free entry 2 r £100 weekly draw txt MUSIC to 87066 TnC www.Ldew.com1win150ppmx3age16subscription
ham,True dear..i sat to pray evening and felt so.so i sms'd you in some time...
spam,Sunshine Quiz! Win a super Sony DVD recorder if you canname the capital of Australia? Text MQUIZ to 82277. B
ham,Just glad to be talking to you.
spam,4mths half price Orange line rental & latest camera phones 4 FREE. Had your phone 11mths+? Call MobilesDirect free on 08000938767 to update now! or2stoptxt T&Cs
spam,"FREE2DAY sexy St George's Day pic of Jordan!Txt PIC to 89080 dont miss out, then every wk a saucy celeb!4 more pics c PocketBabe.co.uk 0870241182716 £3/wk"
ham,"Ok thats cool. Its , just off either raglan rd or edward rd. Behind the cricket ground. Gimme ring when ur closeby see you tuesday."
ham,I'm going 2 orchard now laready me reaching soon. U reaching?
ham,You should change your fb to jaykwon thuglyfe falconerf
spam,Dear 0776xxxxxxx U've been invited to XCHAT. This is our final attempt to contact u! Txt CHAT to 86688 150p/MsgrcvdHG/Suite342/2Lands/Row/W1J6HL LDN 18yrs
ham,The Xmas story is peace.. The Xmas msg is love.. The Xmas miracle is jesus.. Hav a blessed month ahead &amp; wish U Merry Xmas...
ham,Dunno i juz askin cos i got a card got 20% off 4 a salon called hair sense so i tot it's da one ü cut ur hair.
spam,Please call our customer service representative on FREEPHONE 0808 145 4742 between 9am-11pm as you have WON a guaranteed £1000 cash or £5000 prize!
spam,Send a logo 2 ur lover - 2 names joined by a heart. Txt LOVE NAME1 NAME2 MOBNO eg LOVE ADAM EVE 07123456789 to 87077 Yahoo! POBox36504W45WQ TxtNO 4 no ads 150p.
ham,Watching tv lor...
spam,I don't know u and u don't know me. Send CHAT to 86688 now and let's find each other! Only 150p/Msg rcvd. HG/Suite342/2Lands/Row/W1J6HL LDN. 18 years or over.
ham,Yes.. now only saw your message..
spam,Get ur 1st RINGTONE FREE NOW! Reply to this msg with TONE. Gr8 TOP 20 tones to your phone every week just £1.50 per wk 2 opt out send STOP 08452810071 16
ham,I agree. So i can stop thinkin about ipad. Can you please ask macho the same question.
ham,"Hey chief, can you give me a bell when you get this. Need to talk to you about this royal visit on the 1st june."
ham,K..give back my thanks.
ham,"Dear,Me at cherthala.in case u r coming cochin pls call bfore u start.i shall also reach accordingly.or tell me which day u r coming.tmorow i am engaged ans its holiday."
ham,i want to grasp your pretty booty :)
spam,(Bank of Granite issues Strong-Buy) EXPLOSIVE PICK FOR OUR MEMBERS *****UP OVER 300% *********** Nasdaq Symbol CDGT That is a $5.00 per..
ham,No she didnt. I will search online and let you know.
ham,We r outside already.
ham,"Storming msg: Wen u lift d phne, u say ""HELLO"" Do u knw wt is d real meaning of HELLO?? . . . It's d name of a girl..! . . . Yes.. And u knw who is dat girl?? ""Margaret Hello"" She is d girlfrnd f Grahmbell who invnted telphone... . . . . Moral:One can 4get d name of a person, bt not his girlfrnd... G o o d n i g h t . . .@"
ham,"It's not that you make me cry. It's just that when all our stuff happens on top of everything else, it pushes me over the edge. You don't underdtand how often i cry over my sorry, sorry life."
ham,That seems unnecessarily affectionate
ham,"The house is on the water with a dock, a boat rolled up with a newscaster who dabbles in jazz flute behind the wheel"
spam,"Urgent UR awarded a complimentary trip to EuroDisinc Trav, Aco&Entry41 Or £1000. To claim txt DIS to 87121 18+6*£1.50(moreFrmMob. ShrAcomOrSglSuplt)10, LS1 3AJ"
ham,I not busy juz dun wan 2 go so early.. Hee..
ham,Ok.
ham,I will cme i want to go to hos 2morow. After that i wil cme. This what i got from her dear what to do. She didnt say any time
ham,I dont. Can you send it to me. Plus how's mode.
ham,Hey... are you going to quit soon? Xuhui and i working till end of the month
spam,Well done ENGLAND! Get the official poly ringtone or colour flag on yer mobile! text TONE or FLAG to 84199 NOW! Opt-out txt ENG STOP. Box39822 W111WX £1.50
spam,Hey I am really horny want to chat or see me naked text hot to 69698 text charged at 150pm to unsubscribe text stop 69698
ham,"I'll text carlos and let you know, hang on"
ham,"The sign of maturity is not when we start saying big things.. But actually it is, when we start understanding small things... *HAVE A NICE EVENING* BSLVYL"
ham,Gudnite....tc...practice going on
ham,Ok...
ham,"Jus chillaxin, what up"
ham,After completed degree. There is no use in joining finance.
ham,Convey my regards to him
ham,Early bird! Any purchases yet?
ham,Oh did you charge camera
ham,When you guys planning on coming over?
ham,Will be out of class in a few hours. Sorry
ham,Dai what this da.. Can i send my resume to this id.
ham,Do you know where my lab goggles went
ham,Joy's father is John. Then John is the ____ of Joy's father. If u ans ths you hav  &lt;#&gt;  IQ. Tis s IAS question try to answer.
spam,"Xmas Offer! Latest Motorola, SonyEricsson & Nokia & FREE Bluetooth or DVD! Double Mins & 1000 Txt on Orange. Call MobileUpd8 on 08000839402 or call2optout/4QF2"
ham,I want to tell you how bad I feel that basically the only times I text you lately are when I need drugs
ham,Have you got Xmas radio times. If not i will get it now
ham,Thanx but my birthday is over already.
spam,SMS AUCTION - A BRAND NEW Nokia 7250 is up 4 auction today! Auction is FREE 2 join & take part! Txt NOKIA to 86021 now! HG/Suite342/2Lands Row/W1J6HL
ham,Ü log off 4 wat. It's sdryb8i
ham,"Wen ur lovable bcums angry wid u, dnt take it seriously.. Coz being angry is d most childish n true way of showing deep affection, care n luv!.. kettoda manda... Have nice day da."
ham,"Not much, just some textin'. How bout you?"
spam,"Loan for any purpose £500 - £75,000. Homeowners + Tenants welcome. Have you been previously refused? We can still help. Call Free 0800 1956669 or text back 'help'"
ham,A guy who gets used but is too dumb to realize it.
ham,"I.ll always be there, even if its just in spirit. I.ll get a bb soon. Just trying to be sure i need it."
spam,Urgent! Please call 09061743811 from landline. Your ABTA complimentary 4* Tenerife Holiday or £5000 cash await collection SAE T&Cs Box 326 CW25WX 150ppm
spam,todays vodafone numbers ending with 0089(my last four digits) are selected to received a £350 award. If your number matches please call 09063442151 to claim your £350 award
ham,God bless.get good sleep my dear...i will pray!
ham,I fetch yun or u fetch?
ham,Hahaha..use your brain dear
spam,YOU HAVE WON! As a valued Vodafone customer our computer has picked YOU to win a £150 prize. To collect is easy. Just call 09061743386
ham,"I can't speak, bcaz mobile have problem. I can listen you but you cann't listen my voice. So i calls you later."
ham,True lov n care wil nevr go unrecognized. though somone often makes mistakes when valuing it. but they will definitly undrstnd once when they start missing it.
ham,Then wat r u doing now? Busy wif work?
ham,I will see in half an hour
ham,:)
spam,"As a valued customer, I am pleased to advise you that following recent review of your Mob No. you are awarded with a £1500 Bonus Prize, call 09066364589"
ham,Will ü b going to esplanade fr home?
ham,No plm i will come da. On the way.
ham,Does daddy have a bb now.
ham,I'm leaving my house now.
spam,Natalja (25/F) is inviting you to be her friend. Reply YES-440 or NO-440 See her: www.SMS.ac/u/nat27081980 STOP? Send STOP FRND to 62468
ham,Delhi and chennai still silent.
ham,Send me the new number
ham,So ü'll be submitting da project tmr rite?
spam,"For your chance to WIN a FREE Bluetooth Headset then simply reply back with ""ADP"""
spam,"FREE MESSAGE Activate your 500 FREE Text Messages by replying to this message with the word FREE For terms & conditions, visit www.07781482378.com"
ham,Just forced myself to eat a slice. I'm really not hungry tho. This sucks. Mark is getting worried. He knows I'm sick when I turn down pizza. Lol
spam,URGENT! We are trying to contact you. Last weekends draw shows that you have won a £900 prize GUARANTEED. Call 09061701851. Claim code K61. Valid 12hours only
spam,"Last Chance! Claim ur £150 worth of discount vouchers today! Text SHOP to 85023 now! SavaMob, offers mobile! T Cs SavaMob POBOX84, M263UZ. £3.00 Sub. 16"
ham,So i'm doing a list of buyers.
spam,This is the 2nd time we have tried to contact u. U have won the £1450 prize to claim just call 09053750005 b4 310303. T&Cs/stop SMS 08718725756. 140ppm
spam,"09066362231 URGENT! Your mobile No 07xxxxxxxxx won a £2,000 bonus caller prize on 02/06/03! this is the 2nd attempt to reach YOU! call 09066362231 ASAP!"
ham,Good night my dear.. Sleepwell&amp;Take care
ham,Thank you baby! I cant wait to taste the real thing...
spam,You have WON a guaranteed £1000 cash or a £2000 prize.To claim yr prize call our customer service representative on
ham,"SYMPTOMS when U are in love: ""1.U like listening songs 2.U get stopped where u see the name of your beloved 3.U won't get angry when your"
ham,I dunno they close oredi not... Ü v ma fan...
spam,"URGENT! You have won a 1 week FREE membership in our £100,000 Prize Jackpot! Txt the word: CLAIM to No: 81010 T&C www.dbuk.net LCCLTD POBOX 4403LDNW1A7RW18"
ham,I was at bugis juz now wat... But now i'm walking home oredi... Ü so late then reply... I oso saw a top dat i like but din buy... Where r ü now?
ham,"My fri ah... Okie lor,goin 4 my drivin den go shoppin after tt..."
ham,I know that my friend already told that.
ham,"Great. I'm in church now, will holla when i get out"
ham,Don't fret. I'll buy the ovulation test strips and send them to you. You wont get them til like march. Can you send me your postal address.u'll be alright.Okay.
ham,"I've got  &lt;#&gt; , any way I could pick up?"
ham,Hey what's up charles sorry about the late reply.
ham,HI DARLIN IM MISSIN U HOPE YOU ARE HAVING A GOOD TIME. WHEN ARE U BACK AND WHAT TIME IF U CAN GIVE ME A CALL AT HOME. JESS XX
ham,From tomorrow onwards eve 6 to 3 work.
ham,"I know where the  &lt;#&gt;  is, I'll be there around 5"
ham,Well there's not a lot of things happening in Lindsay on New years *sighs* Some bars in Ptbo and the blue heron has something going
ham,Please da call me any mistake from my side sorry da. Pls da goto doctor.
spam,"Shop till u Drop, IS IT YOU, either 10K, 5K, £500 Cash or £100 Travel voucher, Call now, 09064011000. NTT PO Box CR01327BT fixedline Cost 150ppm mobile vary"
ham,"Y cant u try new invention to fly..i'm not joking.,"
spam,"XXXMobileMovieClub: To use your credit, click the WAP link in the next txt message or click here>> http://wap. xxxmobilemovieclub.com?n=QJKGIGHJJGCBL"
ham,Stop calling everyone saying I might have cancer. My throat hurts to talk. I can't be answering everyones calls. If I get one more call I'm not babysitting on Monday
ham,Hi where you. You in home or calicut?
ham,Yes:)here tv is always available in work place..
ham,No he didn't. Spring is coming early yay!
ham,Are you there in room.
ham,No one interested. May be some business plan.
ham,Thanx...
ham,Ok then i will come to ur home after half an hour
spam,"This is the 2nd time we have tried 2 contact u. U have won the 750 Pound prize. 2 claim is easy, call 08712101358 NOW! Only 10p per min. BT-national-rate"
ham,Hey you can pay. With salary de. Only  &lt;#&gt; .
ham,"I think your mentor is , but not 100 percent sure."
ham,Otherwise had part time job na-tuition..
ham,MAKE SURE ALEX KNOWS HIS BIRTHDAY IS OVER IN FIFTEEN MINUTES AS FAR AS YOU'RE CONCERNED
ham,"Sorry, I guess whenever I can get a hold of my connections, maybe an hour or two? I'll text you"
ham,Oops I was in the shower when u called. Hey a parking garage collapsed at university hospital. See I'm not crazy. Stuff like that DOES happen.
